[{"model": "admin.logentry", "pk": 1, "fields": {"action_time": "2021-10-11T14:13:56.368Z", "user": 1, "content_type": 7, "object_id": "1", "object_repr": "vitalityphysio.example.com", "action_flag": 2, "change_message": "[{\"changed\": {\"fields\": [\"Domain name\", \"Display name\"]}}]"}}, {"model": "admin.logentry", "pk": 2, "fields": {"action_time": "2021-10-11T14:24:12.660Z", "user": 1, "content_type": 8, "object_id": "1", "object_repr": "smeghen@gmail.com", "action_flag": 2, "change_message": "[{\"changed\": {\"fields\": [\"Verified\", \"Primary\"]}}]"}}, {"model": "admin.logentry", "pk": 3, "fields": {"action_time": "2021-10-13T09:47:19.138Z", "user": 1, "content_type": 13, "object_id": "1", "object_repr": "Physiotherapy", "action_flag": 1, "change_message": "[{\"added\": {}}]"}}, {"model": "admin.logentry", "pk": 4, "fields": {"action_time": "2021-10-13T09:47:31.691Z", "user": 1, "content_type": 13, "object_id": "2", "object_repr": "Pilates", "action_flag": 1, "change_message": "[{\"added\": {}}]"}}, {"model": "admin.logentry", "pk": 5, "fields": {"action_time": "2021-10-13T09:47:38.742Z", "user": 1, "content_type": 13, "object_id": "3", "object_repr": "Yoga", "action_flag": 1, "change_message": "[{\"added\": {}}]"}}, {"model": "admin.logentry", "pk": 6, "fields": {"action_time": "2021-10-13T09:47:54.129Z", "user": 1, "content_type": 13, "object_id": "3", "object_repr": "Yoga", "action_flag": 2, "change_message": "[]"}}, {"model": "admin.logentry", "pk": 7, "fields": {"action_time": "2021-10-13T09:51:29.621Z", "user": 1, "content_type": 14, "object_id": "1", "object_repr": "Physio Session 30min", "action_flag": 1, "change_message": "[{\"added\": {}}]"}}, {"model": "admin.logentry", "pk": 8, "fields": {"action_time": "2021-10-13T09:52:20.551Z", "user": 1, "content_type": 14, "object_id": "2", "object_repr": "Physio Session 60min", "action_flag": 1, "change_message": "[{\"added\": {}}]"}}, {"model": "admin.logentry", "pk": 9, "fields": {"action_time": "2021-10-13T09:52:36.822Z", "user": 1, "content_type": 14, "object_id": "2", "object_repr": "Physio Session 60min", "action_flag": 2, "change_message": "[]"}}, {"model": "admin.logentry", "pk": 10, "fields": {"action_time": "2021-10-13T09:54:56.313Z", "user": 1, "content_type": 14, "object_id": "3", "object_repr": "Shockwave Therapy", "action_flag": 1, "change_message": "[{\"added\": {}}]"}}, {"model": "admin.logentry", "pk": 11, "fields": {"action_time": "2021-10-13T09:55:31.031Z", "user": 1, "content_type": 14, "object_id": "4", "object_repr": "Online Physio Session 30min", "action_flag": 1, "change_message": "[{\"added\": {}}]"}}, {"model": "admin.logentry", "pk": 12, "fields": {"action_time": "2021-10-13T09:58:59.420Z", "user": 1, "content_type": 14, "object_id": "5", "object_repr": "Deep Tissue/ Sports Massage 30min", "action_flag": 1, "change_message": "[{\"added\": {}}]"}}, {"model": "admin.logentry", "pk": 13, "fields": {"action_time": "2021-10-13T09:59:40.776Z", "user": 1, "content_type": 14, "object_id": "6", "object_repr": "Deep Tissue/ Sports Massage 60min", "action_flag": 1, "change_message": "[{\"added\": {}}]"}}, {"model": "admin.logentry", "pk": 14, "fields": {"action_time": "2021-10-13T10:00:11.846Z", "user": 1, "content_type": 14, "object_id": "5", "object_repr": "Deep Tissue/ Sports Massage 30min", "action_flag": 2, "change_message": "[]"}}, {"model": "admin.logentry", "pk": 15, "fields": {"action_time": "2021-10-13T10:00:24.725Z", "user": 1, "content_type": 14, "object_id": "6", "object_repr": "Deep Tissue/ Sports Massage 60min", "action_flag": 2, "change_message": "[{\"changed\": {\"fields\": [\"Category\", \"Description\"]}}]"}}, {"model": "admin.logentry", "pk": 16, "fields": {"action_time": "2021-10-13T10:01:17.456Z", "user": 1, "content_type": 14, "object_id": "7", "object_repr": "5 Treatment 30min Bundle", "action_flag": 1, "change_message": "[{\"added\": {}}]"}}, {"model": "admin.logentry", "pk": 17, "fields": {"action_time": "2021-10-13T10:01:52.595Z", "user": 1, "content_type": 14, "object_id": "8", "object_repr": "5 Treatment 60min Bundle", "action_flag": 1, "change_message": "[{\"added\": {}}]"}}, {"model": "admin.logentry", "pk": 18, "fields": {"action_time": "2021-10-13T10:08:15.311Z", "user": 1, "content_type": 14, "object_id": "9", "object_repr": "Pilates Class", "action_flag": 1, "change_message": "[{\"added\": {}}]"}}, {"model": "admin.logentry", "pk": 19, "fields": {"action_time": "2021-10-13T10:08:55.397Z", "user": 1, "content_type": 14, "object_id": "10", "object_repr": "Pilates 10 Class Bundle", "action_flag": 1, "change_message": "[{\"added\": {}}]"}}, {"model": "admin.logentry", "pk": 20, "fields": {"action_time": "2021-10-13T10:09:20.716Z", "user": 1, "content_type": 14, "object_id": "11", "object_repr": "Pilates 20 Class Bundle", "action_flag": 1, "change_message": "[{\"added\": {}}]"}}, {"model": "admin.logentry", "pk": 21, "fields": {"action_time": "2021-10-13T10:10:59.152Z", "user": 1, "content_type": 14, "object_id": "12", "object_repr": "Online Pilates Class", "action_flag": 1, "change_message": "[{\"added\": {}}]"}}, {"model": "admin.logentry", "pk": 22, "fields": {"action_time": "2021-10-13T10:11:11.163Z", "user": 1, "content_type": 14, "object_id": "12", "object_repr": "Online Pilates Class", "action_flag": 2, "change_message": "[]"}}, {"model": "admin.logentry", "pk": 23, "fields": {"action_time": "2021-10-13T10:12:04.057Z", "user": 1, "content_type": 14, "object_id": "13", "object_repr": "Yoga Class", "action_flag": 1, "change_message": "[{\"added\": {}}]"}}, {"model": "admin.logentry", "pk": 24, "fields": {"action_time": "2021-10-13T10:13:36.206Z", "user": 1, "content_type": 14, "object_id": "14", "object_repr": "Yoga 10 Class Bundle", "action_flag": 1, "change_message": "[{\"added\": {}}]"}}, {"model": "admin.logentry", "pk": 25, "fields": {"action_time": "2021-10-13T10:14:11.012Z", "user": 1, "content_type": 14, "object_id": "15", "object_repr": "Yoga 20 Class Bundle", "action_flag": 1, "change_message": "[{\"added\": {}}]"}}, {"model": "admin.logentry", "pk": 26, "fields": {"action_time": "2021-10-13T10:14:50.501Z", "user": 1, "content_type": 14, "object_id": "16", "object_repr": "Online Yoga Class", "action_flag": 1, "change_message": "[{\"added\": {}}]"}}, {"model": "admin.logentry", "pk": 27, "fields": {"action_time": "2021-10-13T10:15:28.245Z", "user": 1, "content_type": 14, "object_id": "17", "object_repr": "Antenatal Yoga Class", "action_flag": 1, "change_message": "[{\"added\": {}}]"}}, {"model": "admin.logentry", "pk": 28, "fields": {"action_time": "2021-10-13T13:28:07.582Z", "user": 1, "content_type": 14, "object_id": "1", "object_repr": "Physio Session 30min", "action_flag": 2, "change_message": "[{\"changed\": {\"fields\": [\"Image\"]}}]"}}, {"model": "admin.logentry", "pk": 29, "fields": {"action_time": "2021-10-13T14:06:53.718Z", "user": 1, "content_type": 14, "object_id": "6", "object_repr": "Deep Tissue/ Sports Massage 60min", "action_flag": 2, "change_message": "[{\"changed\": {\"fields\": [\"Image\"]}}]"}}, {"model": "admin.logentry", "pk": 30, "fields": {"action_time": "2021-10-13T14:10:51.720Z", "user": 1, "content_type": 14, "object_id": "12", "object_repr": "Online Pilates Class", "action_flag": 2, "change_message": "[{\"changed\": {\"fields\": [\"Image\"]}}]"}}, {"model": "admin.logentry", "pk": 31, "fields": {"action_time": "2021-10-22T20:14:53.979Z", "user": 1, "content_type": 15, "object_id": "1", "object_repr": "D0DE79FD35A8405D88489105DD19B05E", "action_flag": 3, "change_message": ""}}, {"model": "admin.logentry", "pk": 32, "fields": {"action_time": "2021-10-22T20:18:52.010Z", "user": 1, "content_type": 15, "object_id": "2", "object_repr": "FACD024DF1B9437AB9E3AC93AF92D219", "action_flag": 2, "change_message": "[{\"changed\": {\"name\": \"order line item\", \"object\": \"SKU None on order FACD024DF1B9437AB9E3AC93AF92D219\", \"fields\": [\"Quantity\"]}}]"}}, {"model": "admin.logentry", "pk": 33, "fields": {"action_time": "2021-10-22T21:15:32.010Z", "user": 1, "content_type": 15, "object_id": "3", "object_repr": "A01B1C6B10D14553AE21570C64B4D563", "action_flag": 3, "change_message": ""}}, {"model": "admin.logentry", "pk": 34, "fields": {"action_time": "2021-10-22T21:15:32.043Z", "user": 1, "content_type": 15, "object_id": "2", "object_repr": "FACD024DF1B9437AB9E3AC93AF92D219", "action_flag": 3, "change_message": ""}}, {"model": "admin.logentry", "pk": 35, "fields": {"action_time": "2021-10-22T22:30:16.561Z", "user": 1, "content_type": 15, "object_id": "8", "object_repr": "9453EE65753D4BBA861AF29CD9D33310", "action_flag": 3, "change_message": ""}}, {"model": "admin.logentry", "pk": 36, "fields": {"action_time": "2021-10-22T22:30:16.590Z", "user": 1, "content_type": 15, "object_id": "7", "object_repr": "6364BAA47DD44B738A8163CEC4B3D25C", "action_flag": 3, "change_message": ""}}, {"model": "admin.logentry", "pk": 37, "fields": {"action_time": "2021-10-22T22:30:16.616Z", "user": 1, "content_type": 15, "object_id": "6", "object_repr": "26DAAB6D0D6A4EBCBDD4CA38C3D122C9", "action_flag": 3, "change_message": ""}}, {"model": "admin.logentry", "pk": 38, "fields": {"action_time": "2021-10-22T22:30:16.641Z", "user": 1, "content_type": 15, "object_id": "5", "object_repr": "24D9161F362842FEA2826553E96F8D5F", "action_flag": 3, "change_message": ""}}, {"model": "admin.logentry", "pk": 39, "fields": {"action_time": "2021-10-22T22:30:16.669Z", "user": 1, "content_type": 15, "object_id": "4", "object_repr": "9DBC31CFBF6C435CAB715FE22EE728EA", "action_flag": 3, "change_message": ""}}, {"model": "admin.logentry", "pk": 40, "fields": {"action_time": "2021-10-26T15:03:29.177Z", "user": 1, "content_type": 14, "object_id": "18", "object_repr": "test size", "action_flag": 1, "change_message": "[{\"added\": {}}]"}}, {"model": "admin.logentry", "pk": 41, "fields": {"action_time": "2021-10-26T15:05:09.411Z", "user": 1, "content_type": 14, "object_id": "1", "object_repr": "Physio Session 30min", "action_flag": 2, "change_message": "[{\"changed\": {\"fields\": [\"Image\"]}}]"}}, {"model": "admin.logentry", "pk": 42, "fields": {"action_time": "2021-10-26T15:05:21.007Z", "user": 1, "content_type": 14, "object_id": "2", "object_repr": "Physio Session 60min", "action_flag": 2, "change_message": "[{\"changed\": {\"fields\": [\"Image\"]}}]"}}, {"model": "admin.logentry", "pk": 43, "fields": {"action_time": "2021-10-26T15:13:51.213Z", "user": 1, "content_type": 14, "object_id": "3", "object_repr": "Shockwave Therapy", "action_flag": 2, "change_message": "[{\"changed\": {\"fields\": [\"Image\"]}}]"}}, {"model": "admin.logentry", "pk": 44, "fields": {"action_time": "2021-10-26T15:18:04.074Z", "user": 1, "content_type": 14, "object_id": "15", "object_repr": "Yoga 20 Class Bundle", "action_flag": 2, "change_message": "[{\"changed\": {\"fields\": [\"Image\"]}}]"}}, {"model": "admin.logentry", "pk": 45, "fields": {"action_time": "2021-10-26T15:18:13.906Z", "user": 1, "content_type": 14, "object_id": "14", "object_repr": "Yoga 10 Class Bundle", "action_flag": 2, "change_message": "[{\"changed\": {\"fields\": [\"Image\"]}}]"}}, {"model": "admin.logentry", "pk": 46, "fields": {"action_time": "2021-10-26T15:18:27.301Z", "user": 1, "content_type": 14, "object_id": "13", "object_repr": "Yoga Class", "action_flag": 2, "change_message": "[{\"changed\": {\"fields\": [\"Image\"]}}]"}}, {"model": "admin.logentry", "pk": 47, "fields": {"action_time": "2021-10-26T15:22:28.151Z", "user": 1, "content_type": 14, "object_id": "11", "object_repr": "Pilates 20 Class Bundle", "action_flag": 2, "change_message": "[{\"changed\": {\"fields\": [\"Image\"]}}]"}}, {"model": "admin.logentry", "pk": 48, "fields": {"action_time": "2021-10-26T15:22:40.603Z", "user": 1, "content_type": 14, "object_id": "10", "object_repr": "Pilates 10 Class Bundle", "action_flag": 2, "change_message": "[{\"changed\": {\"fields\": [\"Image\"]}}]"}}, {"model": "admin.logentry", "pk": 49, "fields": {"action_time": "2021-10-26T15:22:52.233Z", "user": 1, "content_type": 14, "object_id": "9", "object_repr": "Pilates Class", "action_flag": 2, "change_message": "[{\"changed\": {\"fields\": [\"Image\"]}}]"}}, {"model": "admin.logentry", "pk": 50, "fields": {"action_time": "2021-10-26T15:23:36.237Z", "user": 1, "content_type": 14, "object_id": "18", "object_repr": "test size", "action_flag": 3, "change_message": ""}}, {"model": "admin.logentry", "pk": 51, "fields": {"action_time": "2021-10-26T15:24:00.608Z", "user": 1, "content_type": 14, "object_id": "2", "object_repr": "Physio Session 60min", "action_flag": 2, "change_message": "[{\"changed\": {\"fields\": [\"Image\"]}}]"}}, {"model": "admin.logentry", "pk": 52, "fields": {"action_time": "2021-10-26T15:24:16.353Z", "user": 1, "content_type": 14, "object_id": "5", "object_repr": "Deep Tissue/ Sports Massage 30min", "action_flag": 2, "change_message": "[{\"changed\": {\"fields\": [\"Image\"]}}]"}}, {"model": "admin.logentry", "pk": 53, "fields": {"action_time": "2021-10-26T15:24:38.345Z", "user": 1, "content_type": 14, "object_id": "1", "object_repr": "Physio Session 30min", "action_flag": 2, "change_message": "[{\"changed\": {\"fields\": [\"Image\"]}}]"}}, {"model": "admin.logentry", "pk": 54, "fields": {"action_time": "2021-10-29T12:11:57.095Z", "user": 1, "content_type": 14, "object_id": "20", "object_repr": "New test", "action_flag": 2, "change_message": "[{\"changed\": {\"fields\": [\"Category\"]}}]"}}, {"model": "admin.logentry", "pk": 55, "fields": {"action_time": "2021-10-29T12:12:02.942Z", "user": 1, "content_type": 14, "object_id": "19", "object_repr": "Create Item class", "action_flag": 2, "change_message": "[{\"changed\": {\"fields\": [\"Category\"]}}]"}}, {"model": "admin.logentry", "pk": 56, "fields": {"action_time": "2021-10-29T13:58:40.104Z", "user": 1, "content_type": 14, "object_id": "21", "object_repr": "TEST2", "action_flag": 3, "change_message": ""}}, {"model": "admin.logentry", "pk": 57, "fields": {"action_time": "2021-10-29T13:58:40.164Z", "user": 1, "content_type": 14, "object_id": "20", "object_repr": "New test", "action_flag": 3, "change_message": ""}}, {"model": "admin.logentry", "pk": 58, "fields": {"action_time": "2021-10-29T13:58:40.213Z", "user": 1, "content_type": 14, "object_id": "19", "object_repr": "Create Item class", "action_flag": 3, "change_message": ""}}, {"model": "admin.logentry", "pk": 59, "fields": {"action_time": "2021-11-08T11:54:02.307Z", "user": 1, "content_type": 14, "object_id": "24", "object_repr": "Create Item class", "action_flag": 1, "change_message": "[{\"added\": {}}]"}}, {"model": "admin.logentry", "pk": 60, "fields": {"action_time": "2021-11-16T18:57:28.860Z", "user": 1, "content_type": 18, "object_id": "6", "object_repr": "15/11", "action_flag": 3, "change_message": ""}}, {"model": "admin.logentry", "pk": 61, "fields": {"action_time": "2021-11-16T18:57:28.882Z", "user": 1, "content_type": 18, "object_id": "5", "object_repr": "Checking the subject heading will expand", "action_flag": 3, "change_message": ""}}, {"model": "admin.logentry", "pk": 62, "fields": {"action_time": "2021-11-16T21:13:29.614Z", "user": 1, "content_type": 18, "object_id": "7", "object_repr": "TEST", "action_flag": 3, "change_message": ""}}, {"model": "admin.logentry", "pk": 63, "fields": {"action_time": "2021-11-16T21:13:29.635Z", "user": 1, "content_type": 18, "object_id": "4", "object_repr": "1/11/21", "action_flag": 3, "change_message": ""}}, {"model": "admin.logentry", "pk": 64, "fields": {"action_time": "2021-11-16T21:13:29.655Z", "user": 1, "content_type": 18, "object_id": "3", "object_repr": "testing", "action_flag": 3, "change_message": ""}}, {"model": "admin.logentry", "pk": 65, "fields": {"action_time": "2021-11-16T21:13:29.671Z", "user": 1, "content_type": 18, "object_id": "2", "object_repr": "resr", "action_flag": 3, "change_message": ""}}, {"model": "admin.logentry", "pk": 66, "fields": {"action_time": "2021-11-16T21:13:29.691Z", "user": 1, "content_type": 18, "object_id": "1", "object_repr": "test", "action_flag": 3, "change_message": ""}}, {"model": "admin.logentry", "pk": 67, "fields": {"action_time": "2021-11-21T22:41:24.411Z", "user": 1, "content_type": 15, "object_id": "28", "object_repr": "1E188D70E0F84DAD8F0E60DF9CA28ED5", "action_flag": 3, "change_message": ""}}, {"model": "admin.logentry", "pk": 68, "fields": {"action_time": "2021-11-21T22:41:24.443Z", "user": 1, "content_type": 15, "object_id": "27", "object_repr": "C74D96905EBA43EB8047D3FCCB1E002B", "action_flag": 3, "change_message": ""}}, {"model": "admin.logentry", "pk": 69, "fields": {"action_time": "2021-11-21T22:41:24.478Z", "user": 1, "content_type": 15, "object_id": "26", "object_repr": "C8B47E0707EC4AC9A2746C28ECFF27C8", "action_flag": 3, "change_message": ""}}, {"model": "admin.logentry", "pk": 70, "fields": {"action_time": "2021-11-21T22:41:24.511Z", "user": 1, "content_type": 15, "object_id": "25", "object_repr": "EFAA3A295CF84F79B4E4A7224E34D0FD", "action_flag": 3, "change_message": ""}}, {"model": "admin.logentry", "pk": 71, "fields": {"action_time": "2021-11-21T22:41:24.539Z", "user": 1, "content_type": 15, "object_id": "24", "object_repr": "896FD1914E484C0585F24F6C5366DDDC", "action_flag": 3, "change_message": ""}}, {"model": "admin.logentry", "pk": 72, "fields": {"action_time": "2021-11-21T22:41:24.562Z", "user": 1, "content_type": 15, "object_id": "23", "object_repr": "33D10256FC924C4F8DCB04EFDA885358", "action_flag": 3, "change_message": ""}}, {"model": "admin.logentry", "pk": 73, "fields": {"action_time": "2021-11-21T22:41:24.584Z", "user": 1, "content_type": 15, "object_id": "22", "object_repr": "A663B7E9AE7C4745B3B94AE4B389C0DD", "action_flag": 3, "change_message": ""}}, {"model": "admin.logentry", "pk": 74, "fields": {"action_time": "2021-11-21T22:41:24.609Z", "user": 1, "content_type": 15, "object_id": "21", "object_repr": "304F59022B8244E49DCC0459C4174796", "action_flag": 3, "change_message": ""}}, {"model": "admin.logentry", "pk": 75, "fields": {"action_time": "2021-11-21T22:41:24.631Z", "user": 1, "content_type": 15, "object_id": "20", "object_repr": "B20B7F04368B41479AB063672CC82612", "action_flag": 3, "change_message": ""}}, {"model": "admin.logentry", "pk": 76, "fields": {"action_time": "2021-11-21T22:41:24.653Z", "user": 1, "content_type": 15, "object_id": "19", "object_repr": "6479D2F9404A41D7A196D41E83CF0E5A", "action_flag": 3, "change_message": ""}}, {"model": "admin.logentry", "pk": 77, "fields": {"action_time": "2021-11-21T22:41:24.676Z", "user": 1, "content_type": 15, "object_id": "18", "object_repr": "6C0C8379C6EC4D88A9ABED027C7418F3", "action_flag": 3, "change_message": ""}}, {"model": "admin.logentry", "pk": 78, "fields": {"action_time": "2021-11-21T22:41:24.707Z", "user": 1, "content_type": 15, "object_id": "17", "object_repr": "81C817A78733479F809877A6CB8FE9DE", "action_flag": 3, "change_message": ""}}, {"model": "admin.logentry", "pk": 79, "fields": {"action_time": "2021-11-21T22:41:24.733Z", "user": 1, "content_type": 15, "object_id": "16", "object_repr": "BB130329ED344DF7885937378A4A14FC", "action_flag": 3, "change_message": ""}}, {"model": "admin.logentry", "pk": 80, "fields": {"action_time": "2021-11-21T22:41:24.763Z", "user": 1, "content_type": 15, "object_id": "15", "object_repr": "4522B60EF76D4DDA8E0A92F828BC8814", "action_flag": 3, "change_message": ""}}, {"model": "admin.logentry", "pk": 81, "fields": {"action_time": "2021-11-21T22:41:24.785Z", "user": 1, "content_type": 15, "object_id": "14", "object_repr": "9D3D2B388CC94DE6B6BEF750402107A4", "action_flag": 3, "change_message": ""}}, {"model": "admin.logentry", "pk": 82, "fields": {"action_time": "2021-11-21T22:41:24.811Z", "user": 1, "content_type": 15, "object_id": "13", "object_repr": "9C5F8B793B3648DB87B8F30F5C517402", "action_flag": 3, "change_message": ""}}, {"model": "admin.logentry", "pk": 83, "fields": {"action_time": "2021-11-21T22:41:24.836Z", "user": 1, "content_type": 15, "object_id": "12", "object_repr": "722E193DAD2E4FD7833B3846DB07EFB0", "action_flag": 3, "change_message": ""}}, {"model": "admin.logentry", "pk": 84, "fields": {"action_time": "2021-11-21T22:41:24.859Z", "user": 1, "content_type": 15, "object_id": "11", "object_repr": "AF107C6F023F493CA492590C78C2722E", "action_flag": 3, "change_message": ""}}, {"model": "admin.logentry", "pk": 85, "fields": {"action_time": "2021-11-21T22:41:24.883Z", "user": 1, "content_type": 15, "object_id": "10", "object_repr": "0CA47935A9684D8295A753E23B8FACBC", "action_flag": 3, "change_message": ""}}, {"model": "admin.logentry", "pk": 86, "fields": {"action_time": "2021-11-21T22:41:24.905Z", "user": 1, "content_type": 15, "object_id": "9", "object_repr": "9087ADB9F1184D2FA1CAB7EFACCEE5C7", "action_flag": 3, "change_message": ""}}, {"model": "auth.user", "pk": 1, "fields": {"password": "pbkdf2_sha256$260000$Jpwi3A4A9Qv7mtGMXDi6w1$zG9lEkRnpgifiGJbogt7hill1ojsYGemz4W4C8vUX8Y=", "last_login": "2021-11-22T13:22:17.587Z", "is_superuser": true, "username": "sm1212", "first_name": "", "last_name": "", "email": "smeghen@gmail.com", "is_staff": true, "is_active": true, "date_joined": "2021-10-11T13:36:35.408Z", "groups": [], "user_permissions": []}}, {"model": "auth.user", "pk": 2, "fields": {"password": "pbkdf2_sha256$260000$8k5wAFEgJvNBrTz7EJ29Yy$d80RojQMicDo7M4+gdgsCJpB9IODIjhffrwFaVVJsmo=", "last_login": "2021-10-24T16:12:10.048Z", "is_superuser": false, "username": "stephen", "first_name": "", "last_name": "", "email": "smeghen@gmail.com1", "is_staff": false, "is_active": true, "date_joined": "2021-10-24T16:11:25.759Z", "groups": [], "user_permissions": []}}, {"model": "auth.user", "pk": 3, "fields": {"password": "pbkdf2_sha256$260000$AO8NKQPe2ZL7EQPEdT2un0$TPINzA1B/BxFgbQFNZ9Aw7L9XX8VpqF1/pruQRQXSnc=", "last_login": "2021-11-22T13:20:47.381Z", "is_superuser": false, "username": "stephen7", "first_name": "", "last_name": "", "email": "smeghen@mail.com", "is_staff": false, "is_active": true, "date_joined": "2021-11-21T22:39:25.376Z", "groups": [], "user_permissions": []}}, {"model": "sessions.session", "pk": "2d01o6us0poeej0tg4lld0zoc2e5xqvd", "fields": {"session_data": ".eJxVjMEOwiAQRP9lz01TSpDC0bvfQJZltagBA22iafrvtkkPeprMvJlZwOE8jW6uXFwMYEFA85t5pAenHYQ7pltuKaepRN_ulfagtb3kwM_z0f07GLGO29p7byhI6Y3EYFQgktoI7DbPLAfC4SoI6aq00kziNCgygYTqg2HS3O-nlWuNOTl-v2L5gO0aICwT2AV6sKIBITZZ1y-hA0XV:1milHa:kEORInb5HxIxWrc1-cvwYDNvf5_34SnOIaVBuZnGijk", "expire_date": "2021-11-18T22:32:30.746Z"}}, {"model": "sessions.session", "pk": "2pmcqsydp6cq40qfjm5g4vm4e4x6z4od", "fields": {"session_data": ".eJxVjMEOwiAQRP-FsyGlBIEevfsNZNndCmrAlDbRGP_dNulBjzPz5r1FgGVOYWk8hUxiEEocfrsIeOOyDXSFcqkSa5mnHOWGyH1t8lyJ76ed_RMkaGl9xxg9ktbRayBvCFFbr6BbM7N2CG5UCDgaayyjOjqDnlCZnjyj5X6TNm4t1xL4-cjTSwzd5wvbT0Br:1mZwEP:kvBFjkxtr-EsA6OO_bdN88JVXOpWk61sekW2zSC1m8I", "expire_date": "2021-10-25T14:24:45.610Z"}}, {"model": "sessions.session", "pk": "49wc8rqhvm5xokvwvozwy8vgscne6iyh", "fields": {"session_data": ".eJxVjMEOwiAQRP-FsyGlBIEevfsNZNndCmrAlDbRGP_dNulBjzPz5r1FgGVOYWk8hUxiEEocfrsIeOOyDXSFcqkSa5mnHOWGyH1t8lyJ76ed_RMkaGl9xxg9ktbRayBvCFFbr6BbM7N2CG5UCDgaayyjOjqDnlCZnjyj5X6TNm4t1xL4-cjTSwzd5wvbT0Br:1mp9JB:H0bRXcv1duRecirfJd6HRqXEkv155_kEau4My1KlrhY", "expire_date": "2021-12-06T13:24:33.570Z"}}, {"model": "sessions.session", "pk": "ecb7qmcnm2uw28273fzzplrqtaygvhcv", "fields": {"session_data": ".eJxVTksOgjAQvcusSUOptbRL956BTKeDoKY1FBIN4e6WhIXu3j9vhQ6XeeiWzFM3BnAgofrVPNKD426EO8ZbEpTiPI1e7BFxuFlcU-Dn5cj-DQyYh9L23lsKSnmrMFgdiJSxEuvCmVVL2PaSkHpttGGS51aTDSR1EyyT4WYfzZzzmGLH79c4fcDVFRBOM7gVTuBkVb67pgJV8LZ9Af2dRrU:1mkAma:yH2px1o-81zjvKD-l8gWINg-XASCpY6hLGBOuUcGq6g", "expire_date": "2021-11-22T19:58:20.790Z"}}, {"model": "sessions.session", "pk": "jsr5p8jz9ex0tw27edfg9vzlwy7w2ncr", "fields": {"session_data": ".eJxVjMEOgjAQRP9lz4RQmgrt0bvf0Gy3i1RNa1owGsK_CwkHPc7Mm7eAxXka7Vw42-DBgIDqt3NId4774G8Yr6mmFKccXL0j9bGW-pI8P84H-ycYsYzb2zmnyUvptESvlSeSnRbYbJlZ9oT9IAhpUJ3qmMSpV6Q9CdV6zdRxu0sLlxJStPx-hvwB01RQ8MU2xCGBmfLMFRDmCcwCogEj1vUL4HZK6w:1mg146:qnWDz_QdgX4uTERlXwjYcQ7fsK_YrUEYV8aGoHk7AJY", "expire_date": "2021-11-11T08:47:14.844Z"}}, {"model": "sessions.session", "pk": "p8ja92o6q53n7z3unpe4ugbe61w4ikza", "fields": {"session_data": "eyJfbWVzc2FnZXMiOiJbW1wiX19qc29uX21lc3NhZ2VcIiwgMCwgMjUsIFwiWW91IGhhdmUgc2lnbmVkIG91dC5cIl1dIn0:1mp6ND:bifaOfekkFNiV2tSxB_GaTQZ9d2qdAvecM6tmBE6mlg", "expire_date": "2021-12-06T10:16:31.376Z"}}, {"model": "sessions.session", "pk": "uclhf2asmqz6m9d0hxlcd8pkc05mqv6w", "fields": {"session_data": "e30:1meg4Q:Fa8hzIfb1TnIFQkMzhK5WGJkH9JxX-P6RSVIQgoYLpk", "expire_date": "2021-11-07T16:10:02.776Z"}}, {"model": "sessions.session", "pk": "uxfc04gzgzv02s1lgea4l5lnp9rp3mb2", "fields": {"session_data": ".eJxVjMEOwiAQRP9lz01TSpDC0bvfQJZltagBA22iafrvtkkPepyZN28Bh_M0urlycTGABQHNb-eRHpz2Idwx3XJLOU0l-nZH2mOt7SUHfp4P9k8wYh23t_feUJDSG4nBqEAktRHYbZlZDoTDVRDSVWmlmcRpUGQCCdUHw6S536WVa405OX6_YvmA7RogLBPYBSRYsa5fwFtEmQ:1mlCwt:wgqA3TEwv8SwKRVIIHj4xm1xakHzEfx0D-Ig0p6Pc3s", "expire_date": "2021-11-25T16:29:15.745Z"}}, {"model": "sessions.session", "pk": "vdharjvhbcu76ikzqmucgu5huheno32u", "fields": {"session_data": "eyJjYXJ0Ijp7IjQiOjF9LCJfbWVzc2FnZXMiOiJbW1wiX19qc29uX21lc3NhZ2VcIiwgMCwgMjUsIFwiQWRkZWQgT25saW5lIFBoeXNpbyBTZXNzaW9uIDMwbWluIHRvIHlvdXIgY2FydFwiXV0ifQ:1mgCUa:pYg-jKcLSIgLkpJJ1zq1IRSfTy2M5DifExGkjhbXrug", "expire_date": "2021-11-11T20:59:20.581Z"}}, {"model": "sessions.session", "pk": "yobydui5at7xuu9uvdrtuatali6lg939", "fields": {"session_data": ".eJxVjL0OgzAQg9_l5igiSdOQjN37DOhydxTaCiR-JsS7N6gM7WTZn-0NGlyXrllnmZqeIYEB9ZtlpJcMB-AnDo9R0zgsU5_1UdEnnfV9ZHnfzu7fQYdzV9Y550jsXI4OOXomciEarIoXcTVh3RpCan3wQchca0-RyXjLUSiILaeE0wJpAwfJKrhAMgqML1IpsF9XxO37BzzFQio:1mcRze:FEVUl9Vh9jaWXjOWrkAP9Dtk6Cz_MSUpCr--_J2SBYs", "expire_date": "2021-11-01T12:43:54.238Z"}}, {"model": "sessions.session", "pk": "yqwa74l8n44fr9wqcaercp3nj1e4bk98", "fields": {"session_data": ".eJxVjMEOwiAQRP-FsyGlBIEevfsNZNndCmrAlDbRGP_dNulBjzPz5r1FgGVOYWk8hUxiEEocfrsIeOOyDXSFcqkSa5mnHOWGyH1t8lyJ76ed_RMkaGl9xxg9ktbRayBvCFFbr6BbM7N2CG5UCDgaayyjOjqDnlCZnjyj5X6TNm4t1xL4-cjTSwzd5wvbT0Br:1mklHn:fCnuOayQzrFx63WV4uKFr0k2iKmZsbWdetY-8FyXIf0", "expire_date": "2021-11-24T10:56:59.140Z"}}, {"model": "sessions.session", "pk": "z1kimens9a5ow82kv7xb0y1i17dv27ai", "fields": {"session_data": ".eJxVjMEOwiAQRP9lz01TSpDC0bvfQJZltagBA22iafrvtkkPepyZN28Bh_M0urlycTGABQHNb-eRHpz2Idwx3XJLOU0l-nZH2mOt7SUHfp4P9k8wYh23t_feUJDSG4nBqEAktRHYbZlZDoTDVRDSVWmlmcRpUGQCCdUHw6S536WVa405OX6_YvmA7RogLBPYBXqwYl2_wFVEmA:1mfTQw:UB-HskDnZGCLXX3XetQt-CbPEtb3aAMt05z36iZxFsY", "expire_date": "2021-11-09T20:52:34.053Z"}}, {"model": "sessions.session", "pk": "zsd9detiapckimvv0lwjg3vp37gvw451", "fields": {"session_data": ".eJxVjMEOwiAQRP9lz01TSpDC0bvfQJZltagBA22iafrvtkkPepyZN28Bh_M0urlycTGABQHNb-eRHpz2Idwx3XJLOU0l-nZH2mOt7SUHfp4P9k8wYh23t_feUJDSG4nBqEAktRHYbZlZDoTDVRDSVWmlmcRpUGQCCdUHw6S536WVa405OX6_YvmA7RogLBPYBXqwYl2_wFVEmA:1mhZQe:_Q9JnFPQlW9BQFsxcdlvj2trCHORaw4HqSCyqaaStxw", "expire_date": "2021-11-15T15:40:56.350Z"}}, {"model": "sites.site", "pk": 1, "fields": {"domain": "vitalityphysio.example.com", "name": "Vitality Physio"}}, {"model": "account.emailaddress", "pk": 1, "fields": {"user": 1, "email": "smeghen@gmail.com", "verified": true, "primary": true}}, {"model": "account.emailaddress", "pk": 2, "fields": {"user": 2, "email": "smeghen@gmail.com1", "verified": true, "primary": true}}, {"model": "account.emailaddress", "pk": 3, "fields": {"user": 3, "email": "smeghen@mail.com", "verified": true, "primary": true}}, {"model": "products.category", "pk": 1, "fields": {"name": "Physiotherapy"}}, {"model": "products.category", "pk": 2, "fields": {"name": "Pilates"}}, {"model": "products.category", "pk": 3, "fields": {"name": "Yoga"}}, {"model": "products.product", "pk": 1, "fields": {"category": 1, "sku": null, "name": "Physio Session 30min", "description": "Physiotherapy treatment. This can be used for any Injury. We specialise in sports injuries as well as back and neck pain.", "price": "40.00", "image": "sports-injury_K7TcJgl.jpg"}}, {"model": "products.product", "pk": 2, "fields": {"category": 1, "sku": null, "name": "Physio Session 60min", "description": "Physiotherapy treatment. This can be used for any Injury. An extended session for more intensive treatment of injuries.", "price": "80.00", "image": "sports-injury_6zeHIQD.jpg"}}, {"model": "products.product", "pk": 3, "fields": {"category": 1, "sku": null, "name": "Shockwave Therapy", "description": "Shockwave Therapy Session is a highly effective in treating chronic conditions such as Plantar Fasciitis, Tennis Elbow and Runner’s Knee to name a few.", "price": "65.00", "image": "shockwave_-_Copy.jpg"}}, {"model": "products.product", "pk": 4, "fields": {"category": 1, "sku": null, "name": "Online Physio Session 30min", "description": "Online Physiotherapy treatment for anyone not able to make it to the clinic.", "price": "40.00", "image": "Laptop_and_notebook.jpg"}}, {"model": "products.product", "pk": 5, "fields": {"category": 1, "sku": null, "name": "Deep Tissue/ Sports Massage 30min", "description": "Deep Tissue/ Sports Massage  Benefits of Massage is an excellent treatment to release tight inhibited muscles, for injury prevention, aids recovery from training,, good for relaxation and helps in treating chronic neck and back pain.", "price": "40.00", "image": "sports-injury_U13LojU.jpg"}}, {"model": "products.product", "pk": 6, "fields": {"category": 1, "sku": null, "name": "Deep Tissue/ Sports Massage 60min", "description": "Deep Tissue/ Sports Massage  Benefits of Massage is an excellent treatment to release tight inhibited muscles, for injury prevention, aids recovery from training,, good for relaxation and helps in treating chronic neck and back pain.", "price": "80.00", "image": "sports-massage_cQaE3Lr.jpg"}}, {"model": "products.product", "pk": 7, "fields": {"category": 1, "sku": null, "name": "5 Treatment 30min Bundle", "description": "5 Physiotherapy 30min treatments.", "price": "175.00", "image": "sports-injury_WvAz4ZY.jpg"}}, {"model": "products.product", "pk": 8, "fields": {"category": 1, "sku": null, "name": "5 Treatment 60min Bundle", "description": "5 Physiotherapy 60min treatments.", "price": "350.00", "image": "sports-injury_UKcD2lg.jpg"}}, {"model": "products.product", "pk": 9, "fields": {"category": 2, "sku": null, "name": "Pilates Class", "description": "45mins Yoga Class. This class is suitable for everyone; from beginners to those that have some experience.", "price": "10.00", "image": "pilates-class-Copy_FUOvXkF.jpg"}}, {"model": "products.product", "pk": 10, "fields": {"category": 2, "sku": null, "name": "Pilates 10 Class Bundle", "description": "The class aims to improve your stability and mobility, it’s a great way to promote injury prevention, enhance your chosen sport & improve your posture.", "price": "90.00", "image": "pilates-class-Copy_fYhajkC.jpg"}}, {"model": "products.product", "pk": 11, "fields": {"category": 2, "sku": null, "name": "Pilates 20 Class Bundle", "description": "The class aims to improve your stability and mobility, it’s a great way to promote injury prevention, enhance your chosen sport & improve your posture.", "price": "180.00", "image": "pilates-class-Copy.jpg"}}, {"model": "products.product", "pk": 12, "fields": {"category": 2, "sku": null, "name": "Online Pilates Class", "description": "45mins Online Yoga Class. This class is suitable for everyone; from beginners to those that have some experience.", "price": "10.00", "image": "online-pilates.jpg"}}, {"model": "products.product", "pk": 13, "fields": {"category": 3, "sku": null, "name": "Yoga Class", "description": "45mins Pilates Class. This class is suitable for everyone; from beginners to those that have some experience.", "price": "10.00", "image": "yoga-class-Copy_jKI2cTU.jpg"}}, {"model": "products.product", "pk": 14, "fields": {"category": 3, "sku": null, "name": "Yoga 10 Class Bundle", "description": "The class aims to improve your stability and mobility, it’s a great way to promote injury prevention, enhance your chosen sport & improve your posture.", "price": "90.00", "image": "yoga-class-Copy_IPu6vjA.jpg"}}, {"model": "products.product", "pk": 15, "fields": {"category": 3, "sku": null, "name": "Yoga 20 Class Bundle", "description": "The class aims to improve your stability and mobility, it’s a great way to promote injury prevention, enhance your chosen sport & improve your posture.", "price": "180.00", "image": "yoga-class-Copy.jpg"}}, {"model": "products.product", "pk": 16, "fields": {"category": 3, "sku": null, "name": "Online Yoga Class", "description": "45mins Online Yoga Class. This class is suitable for everyone; from beginners to those that have some experience.", "price": "10.00", "image": "online_yoga.jpg"}}, {"model": "products.product", "pk": 17, "fields": {"category": 3, "sku": null, "name": "Antenatal Yoga Class", "description": "Mums-to-be! Join us for a slow and flowing prenatal yoga class integrated with specific antenatal postures to help you stay grounded, light and energised during pregnancy.", "price": "10.00", "image": "antenatal_syjzO6q.jpg"}}, {"model": "products.product", "pk": 25, "fields": {"category": 1, "sku": null, "name": "Boutique Ado", "description": "asdfsdaf", "price": "20.00", "image": ""}}, {"model": "checkout.order", "pk": 29, "fields": {"order_number": "C30EA5C1950E486099D272261F21A694", "user_profile": 2, "full_name": "stephen meghen", "email": "smeghen@gmail.com", "street_address1": "21 Cois na hAbhann,", "street_address2": "Croghan", "town_or_city": "Boyle", "county": "Roscommon", "postcode": "F52 WA49", "phone_number": "+353868629907", "date": "2021-11-02T16:00:38.613Z", "order_total": "80.00", "discount": "0.00", "grand_total": "80.00", "original_cart": "{\"2\": 1}", "stripe_pid": "pi_3JrPNfEM7usFL2dE0KlOAfJb"}}, {"model": "checkout.order", "pk": 30, "fields": {"order_number": "7023D7BC54B0413A874E0E5B3E2CABAF", "user_profile": 2, "full_name": "Stephen Meghen", "email": "smeghen@gmail.com", "street_address1": "21 Cois na hAbhann,", "street_address2": "Croghan", "town_or_city": "Boyle", "county": "Roscommon", "postcode": "F52 WA49", "phone_number": "+353868629907", "date": "2021-11-04T22:18:31.242Z", "order_total": "20.00", "discount": "0.00", "grand_total": "20.00", "original_cart": "{\"13\": 2}", "stripe_pid": "pi_3JsEFiEM7usFL2dE0s06wfKQ"}}, {"model": "checkout.order", "pk": 31, "fields": {"order_number": "72E011CD2C8A4C5F801CBC4442C7F401", "user_profile": 2, "full_name": "Stephen Meghen", "email": "smeghen@gmail.com", "street_address1": "21 Cois na hAbhann,", "street_address2": "Croghan", "town_or_city": "Boyle", "county": "Roscommon", "postcode": "F52 WA49", "phone_number": "+353868629907", "date": "2021-11-16T21:46:16.041Z", "order_total": "200.00", "discount": "0.00", "grand_total": "200.00", "original_cart": "{\"2\": 2, \"4\": 1}", "stripe_pid": "pi_3JwZSrEM7usFL2dE0sMG8aPC"}}, {"model": "checkout.order", "pk": 32, "fields": {"order_number": "3A165C4EDC0F4FB090234D48C93B7A43", "user_profile": 3, "full_name": "Stephen Meghen", "email": "smeghen@gmail.com", "street_address1": "21 Cois Na HAbhann,", "street_address2": "Croghan", "town_or_city": "Croghan", "county": "Co. Roscommon", "postcode": "F52 WA49", "phone_number": "+353868629907", "date": "2021-11-22T10:17:30.396Z", "order_total": "65.00", "discount": "0.00", "grand_total": "65.00", "original_cart": "{\"3\": 1}", "stripe_pid": "pi_3JyZa8EM7usFL2dE0aC0OrPm"}}, {"model": "checkout.order", "pk": 33, "fields": {"order_number": "79D07B391E794FF6999F2ED78100580A", "user_profile": 3, "full_name": "Stephen Meghen", "email": "smeghen@gmail.com", "street_address1": "21 Cois na hAbhann, Croghan", "street_address2": "Croghan", "town_or_city": "Boyle", "county": "Roscommon", "postcode": "1", "phone_number": "+353868629907", "date": "2021-11-22T10:34:15.718Z", "order_total": "10.00", "discount": "0.00", "grand_total": "10.00", "original_cart": "{\"12\": 1}", "stripe_pid": "pi_3JyZqWEM7usFL2dE0gd2gi5a"}}, {"model": "checkout.order", "pk": 34, "fields": {"order_number": "6ACF09C5B24843A6BA41BA4EEFE7754F", "user_profile": 3, "full_name": "john", "email": "smeghen@mail.com", "street_address1": "21 Cois na hAbhann, Croghan", "street_address2": "Croghan", "town_or_city": "Boyle", "county": "Roscommon", "postcode": "1", "phone_number": "+353868629907", "date": "2021-11-22T11:04:14.593Z", "order_total": "160.00", "discount": "0.00", "grand_total": "160.00", "original_cart": "{\"2\": 2}", "stripe_pid": "pi_3JyaIdEM7usFL2dE1qA1lHYv"}}, {"model": "checkout.order", "pk": 35, "fields": {"order_number": "CAB95DE340804BCD94B84093282EE0B9", "user_profile": 3, "full_name": "peter", "email": "smeghen@mail.com", "street_address1": "21 Cois na hAbhann, Croghan", "street_address2": "Croghan", "town_or_city": "Boyle", "county": "Roscommon", "postcode": "1", "phone_number": "+353868629907", "date": "2021-11-22T11:18:05.102Z", "order_total": "180.00", "discount": "0.00", "grand_total": "180.00", "original_cart": "{\"11\": 1}", "stripe_pid": "pi_3JyaTwEM7usFL2dE1EscD2uO"}}, {"model": "checkout.order", "pk": 36, "fields": {"order_number": "2923AE20DBB041ACB6A18D1803434841", "user_profile": 2, "full_name": "Stephen Meghen", "email": "smeghen@gmail.com", "street_address1": "21 Cois na hAbhann, Croghan", "street_address2": "Croghan", "town_or_city": "Boyle", "county": "Roscommon", "postcode": "1", "phone_number": "+353868629907", "date": "2021-11-22T11:22:00.809Z", "order_total": "40.00", "discount": "0.00", "grand_total": "40.00", "original_cart": "{\"4\": 1}", "stripe_pid": "pi_3JyaagEM7usFL2dE1gVWKvBR"}}, {"model": "checkout.order", "pk": 37, "fields": {"order_number": "A857BF554E374659BFB5D4E3C5B7CC96", "user_profile": null, "full_name": "stest", "email": "smeghen@gmail.com", "street_address1": "21 Cois na hAbhann, Croghan", "street_address2": "Croghan", "town_or_city": "Boyle", "county": "Roscommon", "postcode": "1", "phone_number": "+353868629907", "date": "2021-11-22T11:38:11.958Z", "order_total": "0.00", "discount": "0.00", "grand_total": "0.00", "original_cart": "{\"12\": 2}", "stripe_pid": "pi_3JyaqKEM7usFL2dE0O3YPYnI"}}, {"model": "checkout.order", "pk": 38, "fields": {"order_number": "F8B89B623F9F4561824CE4A7AC87279B", "user_profile": 2, "full_name": "stest", "email": "smeghen@gmail.com", "street_address1": "21 Cois na hAbhann, Croghan", "street_address2": "Croghan", "town_or_city": "Boyle", "county": "Roscommon", "postcode": "1", "phone_number": "+353868629907", "date": "2021-11-22T11:45:20.276Z", "order_total": "20.00", "discount": "0.00", "grand_total": "20.00", "original_cart": "{\"12\": 2}", "stripe_pid": "pi_3JyaqKEM7usFL2dE0O3YPYnI"}}, {"model": "checkout.order", "pk": 39, "fields": {"order_number": "01F036D025C7443F98578E421F83E570", "user_profile": 2, "full_name": "Stephen Meghen", "email": "smeghen@gmail.com", "street_address1": "21 Cois na hAbhann, Croghan", "street_address2": "Croghan", "town_or_city": "Boyle", "county": "Roscommon", "postcode": "1", "phone_number": "+353868629907", "date": "2021-11-22T11:48:36.534Z", "order_total": "10.00", "discount": "0.00", "grand_total": "10.00", "original_cart": "{\"12\": 1}", "stripe_pid": "pi_3Jyb0HEM7usFL2dE102J0MML"}}, {"model": "checkout.order", "pk": 40, "fields": {"order_number": "1B549331C10B4AF992A66D8291D15085", "user_profile": 2, "full_name": "Stephen Meghen", "email": "smeghen@gmail.com", "street_address1": "21 Cois na hAbhann, Croghan", "street_address2": "Croghan", "town_or_city": "Boyle", "county": "Roscommon", "postcode": "1", "phone_number": "+353868629907", "date": "2021-11-22T11:53:11.116Z", "order_total": "65.00", "discount": "0.00", "grand_total": "65.00", "original_cart": "{\"3\": 1}", "stripe_pid": "pi_3Jyb4sEM7usFL2dE1O0Uw6wT"}}, {"model": "checkout.order", "pk": 41, "fields": {"order_number": "3A1E5C83959349F1BA5E86753E5771A2", "user_profile": 2, "full_name": "sadfgdasfgsd", "email": "smeghen@gmail.com", "street_address1": "21 Cois na hAbhann, Croghan", "street_address2": "Croghan", "town_or_city": "Boyle", "county": "Roscommon", "postcode": "1", "phone_number": "+353868629907", "date": "2021-11-22T11:57:35.093Z", "order_total": "10.00", "discount": "0.00", "grand_total": "9.00", "original_cart": "{\"12\": 1}", "stripe_pid": "pi_3Jyb99EM7usFL2dE04ppFHeQ"}}, {"model": "checkout.order", "pk": 42, "fields": {"order_number": "BF084316010F45CEAA2D1A95CD8C9334", "user_profile": null, "full_name": "Stephen Meghen", "email": "smeghen@gmail.com", "street_address1": "21 Cois na hAbhann, Croghan", "street_address2": "Croghan", "town_or_city": "Boyle", "county": "Roscommon", "postcode": "1", "phone_number": "+353868629907", "date": "2021-11-22T12:05:50.779Z", "order_total": "40.00", "discount": "0.00", "grand_total": "40.00", "original_cart": "{\"4\": 1}", "stripe_pid": "pi_3JybH8EM7usFL2dE1HgBtZzX"}}, {"model": "checkout.order", "pk": 43, "fields": {"order_number": "EB1B67519EB64B0894B898767A9E5F28", "user_profile": 2, "full_name": "safs", "email": "smeghen@gmail.com", "street_address1": "21 Cois na hAbhann, Croghan", "street_address2": "Croghan", "town_or_city": "Boyle", "county": "Roscommon", "postcode": "1", "phone_number": "+353868629907", "date": "2021-11-22T12:12:55.150Z", "order_total": "10.00", "discount": "0.00", "grand_total": "9.00", "original_cart": "{\"12\": 1}", "stripe_pid": "pi_3JybO1EM7usFL2dE0e5cdRUt"}}, {"model": "checkout.order", "pk": 44, "fields": {"order_number": "A9BCB9F426C14BBCAFB44659F4FC831A", "user_profile": 2, "full_name": "asdfsdaf", "email": "smeghen@gmail.com", "street_address1": "21 Cois na hAbhann, Croghan", "street_address2": "Croghan", "town_or_city": "Boyle", "county": "Roscommon", "postcode": "1", "phone_number": "+353868629907", "date": "2021-11-22T12:18:43.999Z", "order_total": "180.00", "discount": "0.00", "grand_total": "162.00", "original_cart": "{\"11\": 1}", "stripe_pid": "pi_3JybTdEM7usFL2dE00nCEDB3"}}, {"model": "checkout.order", "pk": 45, "fields": {"order_number": "666D98D1239B4BC5B012A3963ECB5E95", "user_profile": 2, "full_name": "hsdfhgsdf", "email": "smeghen@gmail.com", "street_address1": "21 Cois na hAbhann, Croghan", "street_address2": "Croghan", "town_or_city": "Boyle", "county": "Roscommon", "postcode": "1", "phone_number": "+353868629907", "date": "2021-11-22T12:27:12.385Z", "order_total": "10.00", "discount": "0.00", "grand_total": "9.00", "original_cart": "{\"12\": 1}", "stripe_pid": "pi_3JybbjEM7usFL2dE0n6M2jqU"}}, {"model": "checkout.order", "pk": 46, "fields": {"order_number": "8C5D418C156147A5B72EA576C2C58453", "user_profile": null, "full_name": "sadgsdafg", "email": "smeghen@gmail.com", "street_address1": "21 Cois na hAbhann, Croghan", "street_address2": "Croghan", "town_or_city": "Boyle", "county": "Roscommon", "postcode": "1", "phone_number": "+353868629907", "date": "2021-11-22T12:32:54.196Z", "order_total": "0.00", "discount": "0.00", "grand_total": "0.00", "original_cart": "{\"2\": 1}", "stripe_pid": "pi_3JybhLEM7usFL2dE1xecvCBe"}}, {"model": "checkout.order", "pk": 47, "fields": {"order_number": "20CCF3AF7A544989A5EA827DC1D98EA0", "user_profile": null, "full_name": "sadgsdafg", "email": "smeghen@gmail.com", "street_address1": "21 Cois na hAbhann, Croghan", "street_address2": "Croghan", "town_or_city": "Boyle", "county": "Roscommon", "postcode": "1", "phone_number": "+353868629907", "date": "2021-11-22T12:34:03.919Z", "order_total": "0.00", "discount": "0.00", "grand_total": "0.00", "original_cart": "{\"2\": 1}", "stripe_pid": "pi_3JybhLEM7usFL2dE1xecvCBe"}}, {"model": "checkout.order", "pk": 48, "fields": {"order_number": "633B54D470154AD596AD57D5E0BBA8DD", "user_profile": 2, "full_name": "sadgsdafg", "email": "smeghen@gmail.com", "street_address1": "21 Cois na hAbhann, Croghan", "street_address2": "Croghan", "town_or_city": "Boyle", "county": "Roscommon", "postcode": "1", "phone_number": "+353868629907", "date": "2021-11-22T12:34:47.882Z", "order_total": "80.00", "discount": "0.00", "grand_total": "72.00", "original_cart": "{\"2\": 1}", "stripe_pid": "pi_3JybhLEM7usFL2dE1xecvCBe"}}, {"model": "checkout.order", "pk": 49, "fields": {"order_number": "420E67D7815142C8A010A3B4667BB934", "user_profile": 2, "full_name": "asdfsdafasdf", "email": "smeghen@gmail.com", "street_address1": "21 Cois na hAbhann, Croghan", "street_address2": "Croghan", "town_or_city": "Boyle", "county": "Roscommon", "postcode": "1", "phone_number": "+353868629907", "date": "2021-11-22T12:36:59.775Z", "order_total": "10.00", "discount": "0.00", "grand_total": "9.00", "original_cart": "{\"12\": 1}", "stripe_pid": "pi_3JyblKEM7usFL2dE0gsVyz06"}}, {"model": "checkout.order", "pk": 50, "fields": {"order_number": "1CE1DDBFA7114AB9855F2A5383910104", "user_profile": null, "full_name": "xc vgasdfgasdd", "email": "smeghen@gmail.com", "street_address1": "21 Cois Na HAbhann,, Croghan", "street_address2": "Croghan", "town_or_city": "Croghan", "county": "Co. Roscommon", "postcode": "F52 WA49", "phone_number": "+353868629907", "date": "2021-11-22T12:39:55.965Z", "order_total": "40.00", "discount": "0.00", "grand_total": "40.00", "original_cart": "{\"1\": 1}", "stripe_pid": "pi_3Jybo0EM7usFL2dE0umWEQV4"}}, {"model": "checkout.order", "pk": 51, "fields": {"order_number": "B214A1C6111E470DB62D0A70B7648F9D", "user_profile": null, "full_name": "Stephen Meghen", "email": "smeghen@gmail.com", "street_address1": "21 Cois Na HAbhann,, Croghan", "street_address2": "Croghan", "town_or_city": "Croghan", "county": "Co. Roscommon", "postcode": "F52 WA49", "phone_number": "+353868629907", "date": "2021-11-22T13:20:26.198Z", "order_total": "80.00", "discount": "0.00", "grand_total": "80.00", "original_cart": "{\"2\": 1}", "stripe_pid": "pi_3JycRHEM7usFL2dE1UqMpxts"}}, {"model": "checkout.orderlineitem", "pk": 31, "fields": {"order": 29, "product": 2, "quantity": 1, "lineitem_total": "80.00"}}, {"model": "checkout.orderlineitem", "pk": 32, "fields": {"order": 30, "product": 13, "quantity": 2, "lineitem_total": "20.00"}}, {"model": "checkout.orderlineitem", "pk": 33, "fields": {"order": 31, "product": 2, "quantity": 2, "lineitem_total": "160.00"}}, {"model": "checkout.orderlineitem", "pk": 34, "fields": {"order": 31, "product": 4, "quantity": 1, "lineitem_total": "40.00"}}, {"model": "checkout.orderlineitem", "pk": 35, "fields": {"order": 32, "product": 3, "quantity": 1, "lineitem_total": "65.00"}}, {"model": "checkout.orderlineitem", "pk": 36, "fields": {"order": 33, "product": 12, "quantity": 1, "lineitem_total": "10.00"}}, {"model": "checkout.orderlineitem", "pk": 37, "fields": {"order": 34, "product": 2, "quantity": 2, "lineitem_total": "160.00"}}, {"model": "checkout.orderlineitem", "pk": 38, "fields": {"order": 35, "product": 11, "quantity": 1, "lineitem_total": "180.00"}}, {"model": "checkout.orderlineitem", "pk": 39, "fields": {"order": 36, "product": 4, "quantity": 1, "lineitem_total": "40.00"}}, {"model": "checkout.orderlineitem", "pk": 40, "fields": {"order": 37, "product": 12, "quantity": 2, "lineitem_total": "20.00"}}, {"model": "checkout.orderlineitem", "pk": 41, "fields": {"order": 38, "product": 12, "quantity": 2, "lineitem_total": "20.00"}}, {"model": "checkout.orderlineitem", "pk": 42, "fields": {"order": 39, "product": 12, "quantity": 1, "lineitem_total": "10.00"}}, {"model": "checkout.orderlineitem", "pk": 43, "fields": {"order": 40, "product": 3, "quantity": 1, "lineitem_total": "65.00"}}, {"model": "checkout.orderlineitem", "pk": 44, "fields": {"order": 41, "product": 12, "quantity": 1, "lineitem_total": "10.00"}}, {"model": "checkout.orderlineitem", "pk": 45, "fields": {"order": 42, "product": 4, "quantity": 1, "lineitem_total": "40.00"}}, {"model": "checkout.orderlineitem", "pk": 46, "fields": {"order": 43, "product": 12, "quantity": 1, "lineitem_total": "10.00"}}, {"model": "checkout.orderlineitem", "pk": 47, "fields": {"order": 44, "product": 11, "quantity": 1, "lineitem_total": "180.00"}}, {"model": "checkout.orderlineitem", "pk": 48, "fields": {"order": 45, "product": 12, "quantity": 1, "lineitem_total": "10.00"}}, {"model": "checkout.orderlineitem", "pk": 49, "fields": {"order": 46, "product": 2, "quantity": 1, "lineitem_total": "80.00"}}, {"model": "checkout.orderlineitem", "pk": 50, "fields": {"order": 47, "product": 2, "quantity": 1, "lineitem_total": "80.00"}}, {"model": "checkout.orderlineitem", "pk": 51, "fields": {"order": 48, "product": 2, "quantity": 1, "lineitem_total": "80.00"}}, {"model": "checkout.orderlineitem", "pk": 52, "fields": {"order": 49, "product": 12, "quantity": 1, "lineitem_total": "10.00"}}, {"model": "checkout.orderlineitem", "pk": 53, "fields": {"order": 50, "product": 1, "quantity": 1, "lineitem_total": "40.00"}}, {"model": "checkout.orderlineitem", "pk": 54, "fields": {"order": 51, "product": 2, "quantity": 1, "lineitem_total": "80.00"}}, {"model": "profiles.userprofile", "pk": 1, "fields": {"user": 2, "default_street_address1": null, "default_street_address2": null, "default_town_or_city": null, "default_county": null, "default_postcode": null, "default_phone_number": null}}, {"model": "profiles.userprofile", "pk": 2, "fields": {"user": 1, "default_street_address1": "21 Cois na hAbhann, Croghan", "default_street_address2": "Croghan", "default_town_or_city": "Boyle", "default_county": "Roscommon", "default_postcode": "1", "default_phone_number": "+353868629907"}}, {"model": "profiles.userprofile", "pk": 3, "fields": {"user": 3, "default_street_address1": "21 Cois na hAbhann, Croghan", "default_street_address2": "Croghan", "default_town_or_city": "Boyle", "default_county": "Roscommon", "default_postcode": "1", "default_phone_number": "+353868629907"}}, {"model": "contact.contact", "pk": 8, "fields": {"email": "stephen@test.com", "subject": "Shoulder assessment", "message": "I have injured my shoulder and have been advised to seek physiotherapy, can you please let me know the type of treatments that you provide.\r\n\r\nKind regards,\r\nStephen."}}, {"model": "blog.blog", "pk": 2, "fields": {"author": "John Murphy, Physiotherapist", "subject": "What is dry needling?", "content": "Myofascial trigger point dry needling is a technique used to release myofascial trigger points. It involves the insertion of sterile single use acupuncture needles into the muscle to target a trigger point. This causes a local twitch response, the muscle contracts and relaxes. This causes a chemical response which helps to inhibit the pain/inflammatory cycle.\r\nWhat is a myofascial trigger point?\r\nA myofascial trigger point is a hyperirritable spot in a taut band of muscle. It can be painful on compression and often causes referred pain into another part of the body- this is referred to as an ‘active’ trigger point.\r\n\r\nHow do myofascial trigger points occur?\r\nRepetitive overuse or sustained loading of muscles\r\nHabitually poor posture\r\nMuscle clenching and tensing\r\nDirect injury such as a blow, strain, break, twist or tear.\r\nInactivity such a prolonged bed rest or sitting\r\nIs it sore?\r\n\r\nOften the affected area can be achey for 24-36 hours post treatment as the muscle continues to relax.\r\n\r\nBenefits of dry needling\r\n\r\nDecreased muscle spasm and improved range of motion\r\nReduced pain\r\nImprove recruitment and activation of appropriate muscles\r\nPromote local flow of blood to the injured area for healing.\r\nHow is dry needling different from acupuncture?\r\n\r\nThe technique involved with dry needling is inserting an acupuncture needle into the trigger point in the muscle.This is in comparison to the Traditional Chinese Medicine Acupuncture which is based on inserting the needles into specific points in the body to allow the free flow of energy (known as “Qi”) through the body.\r\n\r\nDry needling vs manual therapy\r\n\r\nDry needling allows a therapist easier access to trigger points which are located in deep muscles. However, some of the effects of dry needling can be achieved through hands-on therapy by the practitioner.\r\n\r\nBoth of these treatments have beneficial effects on pain and joint range of motion. Your physiotherapist will decide which they feel will be more beneficial."}}, {"model": "blog.blog", "pk": 3, "fields": {"author": "Susan Monroe, Physiotherapist", "subject": "Tennis elbow – What a pain in the…..elbow!", "content": "More recently I have seen an increase in the number of patients coming through our door with pain on the outside of their elbow.With increased demands at work ( keyboard, mouse or repetitive use of tools) , Sport ( repetitive sports like Tennis, Squash or Golf) and increased use of our mobile phones there can be an overuse repetitive strain on the extensor muscles of the forearm. The extensor muscles of the forearm are attached to the outside ‘lateral’ aspect of the elbow. Previously it has been called an inflammatory condition but with new recent evidence its actually more a tendinopathy and the inflammatory part is only present in the early stages. With tendinopathies there is different changes to the tissue and can mean different ways on how we manage the tendon compared to previous strategies.Previously, people have been prescribed long term anti-inflammatories but we know now that this has no long term benefit for the tendon. When you look at more recent research its the changes to the structure of the tendon that as physiotherapist we need to try change rather than the inflammatory issue. The tendon thickens and fibres cross over each other which causes the tissue to have less strength than the original. With tendinopathies the condition could have been brewing for a long period of time but only recently pain appears (like an iceberg effect).\r\nA skilled physiotherapist will be able to tell you at what stage you are at with the injury and where to start your rehabilitation and progressions. It is an important part of an assessment and can help you progress faster.\r\nThey will be able to tell you if you need to offload the injury, how to ‘optimally load’ the tendon and progress yourself gradually.\r\nResearch has shown that Shockwave therapy is one of the most effective ways to treat tennis elbow. Shockwave stimulates metabolism and improves the blood circulation. Damaged fibres regenerate and heal. Shockwave along with the progressive loading programme have shown"}}]